RonaldHall123@ticketguys.io:Backpack123!:Ronald:Hall
JamesLacasse123@ticketguys.io:Backpack123!:James:Lacasse
VeldaBon123@ticketguys.io:Backpack123!:Velda:Bon
JamesSagar123@ticketguys.io:Backpack123!:James:Sagar
MarieMccabe123@ticketguys.io:Backpack123!:Marie:Mccabe
LyleCarter123@ticketguys.io:Backpack123!:Lyle:Carter
FeliciaTruong123@ticketguys.io:Backpack123!:Felicia:Truong
ElizabethMurray123@ticketguys.io:Backpack123!:Elizabeth:Murray
MatthewBellows123@ticketguys.io:Backpack123!:Matthew:Bellows
NormanCostain123@ticketguys.io:Backpack123!:Norman:Costain
StephanieCaccavale123@ticketguys.io:Backpack123!:Stephanie:Caccavale
JessicaRobbins123@ticketguys.io:Backpack123!:Jessica:Robbins
AlfredLarson123@ticketguys.io:Backpack123!:Alfred:Larson
ChristianThuss123@ticketguys.io:Backpack123!:Christian:Thuss
JessicaMotte123@ticketguys.io:Backpack123!:Jessica:Motte
VersieReynolds123@ticketguys.io:Backpack123!:Versie:Reynolds
JasonSanchez123@ticketguys.io:Backpack123!:Jason:Sanchez
RebeccaHoward123@ticketguys.io:Backpack123!:Rebecca:Howard
LisaJones123@moz.capital:Backpack123!:Lisa:Jones
GaryDias123@moz.capital:Backpack123!:Gary:Dias
CarlRoberts123@moz.capital:Backpack123!:Carl:Roberts
CarltonMarkle123@moz.capital:Backpack123!:Carlton:Markle
VictorNoakes123@moz.capital:Backpack123!:Victor:Noakes
RichardSanford123@moz.capital:Backpack123!:Richard:Sanford
TrumanTonn123@moz.capital:Backpack123!:Truman:Tonn
JoanSandy123@moz.capital:Backpack123!:Joan:Sandy
JamesDiaz123@moz.capital:Backpack123!:James:Diaz
PatrickReed123@moz.capital:Backpack123!:Patrick:Reed
ElizabethRudolph123@moz.capital:Backpack123!:Elizabeth:Rudolph
HarrietLebaron123@moz.capital:Backpack123!:Harriet:Lebaron
MatthewPendergraph123@moz.capital:Backpack123!:Matthew:Pendergraph
KeithMorano123@moz.capital:Backpack123!:Keith:Morano
MarkAlston123@moz.capital:Backpack123!:Mark:Alston
GeneSaavedra123@moz.capital:Backpack123!:Gene:Saavedra
SheilaLinsley123@moz.capital:Backpack123!:Sheila:Linsley
RolandGarlington123@moz.capital:Backpack123!:Roland:Garlington
LeroyDoucet123@moz.capital:Backpack123!:Leroy:Doucet
AnthonyTufte123@moz.capital:Backpack123!:Anthony:Tufte
ArturoJankowski123@moz.capital:Backpack123!:Arturo:Jankowski
SybilWatson123@moz.capital:Backpack123!:Sybil:Watson
SandraJarvis123@moz.capital:Backpack123!:Sandra:Jarvis
WesleyCapps123@moz.capital:Backpack123!:Wesley:Capps
MadelynBrown123@moz.capital:Backpack123!:Madelyn:Brown
HaroldParks123@moz.capital:Backpack123!:Harold:Parks
FlorenceLyons123@moz.capital:Backpack123!:Florence:Lyons
MarthaCarrillo123@moz.capital:Backpack123!:Martha:Carrillo
HeribertoDailey123@moz.capital:Backpack123!:Heriberto:Dailey
SharonGillis123@moz.capital:Backpack123!:Sharon:Gillis
MarleneHughes123@moz.capital:Backpack123!:Marlene:Hughes
CynthiaNavarro123@moz.capital:Backpack123!:Cynthia:Navarro
ChristopherAndrews123@moz.capital:Backpack123!:Christopher:Andrews
StephenLembo123@moz.capital:Backpack123!:Stephen:Lembo
InaRochester123@moz.capital:Backpack123!:Ina:Rochester
LesterLee123@moz.capital:Backpack123!:Lester:Lee
GuillerminaCarney123@moz.capital:Backpack123!:Guillermina:Carney
JacquelinePuig123@moz.capital:Backpack123!:Jacqueline:Puig
ThomasSalazar123@moz.capital:Backpack123!:Thomas:Salazar
JohnTunnell123@moz.capital:Backpack123!:John:Tunnell
HaroldDillard123@moz.capital:Backpack123!:Harold:Dillard
TinaSparks123@moz.capital:Backpack123!:Tina:Sparks
DavidBush123@moz.capital:Backpack123!:David:Bush
FrankBecker123@moz.capital:Backpack123!:Frank:Becker
JohnRaber123@moz.capital:Backpack123!:John:Raber
DavidClements123@moz.capital:Backpack123!:David:Clements
BrianDenny123@moz.capital:Backpack123!:Brian:Denny
EricaChristensen123@moz.capital:Backpack123!:Erica:Christensen
ElizabethHolt123@moz.capital:Backpack123!:Elizabeth:Holt
RobertKing123@moz.capital:Backpack123!:Robert:King
DesmondStadler123@moz.capital:Backpack123!:Desmond:Stadler
PatHearn123@moz.capital:Backpack123!:Pat:Hearn
AntoniaMorris123@moz.capital:Backpack123!:Antonia:Morris
HeatherDaugherty123@moz.capital:Backpack123!:Heather:Daugherty
MaryOrtego123@moz.capital:Backpack123!:Mary:Ortego
AndrewMorris123@moz.capital:Backpack123!:Andrew:Morris
JoanneHynes123@moz.capital:Backpack123!:Joanne:Hynes
BettieTate123@moz.capital:Backpack123!:Bettie:Tate
BerthaEvans123@moz.capital:Backpack123!:Bertha:Evans
MelindaHerd123@moz.capital:Backpack123!:Melinda:Herd
PatriciaMclean123@moz.capital:Backpack123!:Patricia:Mclean
RobertWeber123@moz.capital:Backpack123!:Robert:Weber
BrianSmith123@moz.capital:Backpack123!:Brian:Smith
DavidDickinson123@moz.capital:Backpack123!:David:Dickinson
AnitaMcdole123@moz.capital:Backpack123!:Anita:Mcdole
MargaretMccabe123@moz.capital:Backpack123!:Margaret:Mccabe
JerryKelly123@moz.capital:Backpack123!:Jerry:Kelly
DirkMchugh123@moz.capital:Backpack123!:Dirk:Mchugh
EricMerna123@moz.capital:Backpack123!:Eric:Merna
StephenLopez123@moz.capital:Backpack123!:Stephen:Lopez
WayneVent123@moz.capital:Backpack123!:Wayne:Vent
LulaPack123@moz.capital:Backpack123!:Lula:Pack
DonnGrooms123@moz.capital:Backpack123!:Donn:Grooms
LeeKlein123@moz.capital:Backpack123!:Lee:Klein
AnthonyRowland123@moz.capital:Backpack123!:Anthony:Rowland
ThomasHook123@moz.capital:Backpack123!:Thomas:Hook
HeidiTorres123@moz.capital:Backpack123!:Heidi:Torres
BonniePostma123@moz.capital:Backpack123!:Bonnie:Postma
FranklinHauser123@moz.capital:Backpack123!:Franklin:Hauser
AnitaBorgia123@moz.capital:Backpack123!:Anita:Borgia
RonaldLeblanc123@moz.capital:Backpack123!:Ronald:Leblanc
TimothyHancock123@moz.capital:Backpack123!:Timothy:Hancock
WillConway123@moz.capital:Backpack123!:Will:Conway
DorothySeiersen123@moz.capital:Backpack123!:Dorothy:Seiersen
BrandonHess123@moz.capital:Backpack123!:Brandon:Hess
MeghanLindsey123@moz.capital:Backpack123!:Meghan:Lindsey
WarrenJones123@moz.capital:Backpack123!:Warren:Jones
CandiceCochran123@moz.capital:Backpack123!:Candice:Cochran
AnitaGagnon123@moz.capital:Backpack123!:Anita:Gagnon
LeroyDugar123@moz.capital:Backpack123!:Leroy:Dugar
GeorgeAlexander123@moz.capital:Backpack123!:George:Alexander
RosieSchulz123@moz.capital:Backpack123!:Rosie:Schulz
JosephChance123@moz.capital:Backpack123!:Joseph:Chance
BeverlyEdwards123@moz.capital:Backpack123!:Beverly:Edwards
JeanWhitfill123@moz.capital:Backpack123!:Jean:Whitfill
LatonyaHill123@moz.capital:Backpack123!:Latonya:Hill
BobbyMoore123@moz.capital:Backpack123!:Bobby:Moore
NicholeGarcia123@moz.capital:Backpack123!:Nichole:Garcia
JohnVeenstra123@moz.capital:Backpack123!:John:Veenstra
CameronDavis123@moz.capital:Backpack123!:Cameron:Davis
CamilleMcelhenney123@moz.capital:Backpack123!:Camille:Mcelhenney
PeterHollis123ry3shop.com:Backpack123!:Peter:Hollis
NicholasParker123ry3shop.com:Backpack123!:Nicholas:Parker
CarolynAguilar123ry3shop.com:Backpack123!:Carolyn:Aguilar
DorisArmstead123ry3shop.com:Backpack123!:Doris:Armstead
RaymondExler123@ry3shop.com:Backpack123!:Raymond:Exler
SamanthaWiles123@ry3shop.com:Backpack123!:Samantha:Wiles
RaymondCabrera123@ry3shop.com:Backpack123!:Raymond:Cabrera
GertrudeHamler123@ry3shop.com:Backpack123!:Gertrude:Hamler
DorianCano123@ry3shop.com:Backpack123!:Dorian:Cano
SallieBoniello123@ry3shop.com:Backpack123!:Sallie:Boniello
WilliamThroneberry123@ry3shop.com:Backpack123!:William:Throneberry
MariaMills123@ry3shop.com:Backpack123!:Maria:Mills
AndrewCarr123@ry3shop.com:Backpack123!:Andrew:Carr
JohnHarris123@ry3shop.com:Backpack123!:John:Harris
FeliciaBrown123@ry3shop.com:Backpack123!:Felicia:Brown
AdrianneWilliams123@ry3shop.com:Backpack123!:Adrianne:Williams
HelenSukhu123@ry3shop.com:Backpack123!:Helen:Sukhu
JohnAlvarez123@ry3shop.com:Backpack123!:John:Alvarez
EricPatterson123@ry3shop.com:Backpack123!:Eric:Patterson
HarrietEvans123@ry3shop.com:Backpack123!:Harriet:Evans
MariaGreen123@ry3shop.com:Backpack123!:Maria:Green
MarkSanchez123@ry3shop.com:Backpack123!:Mark:Sanchez
SusanRoberts123@ry3shop.com:Backpack123!:Susan:Roberts
ChristopherLyons123@ry3shop.com:Backpack123!:Christopher:Lyons
JefferyPoole123@ry3shop.com:Backpack123!:Jeffery:Poole
LeslieGrimes123@ry3shop.com:Backpack123!:Leslie:Grimes
EleanorSatchell123@ry3shop.com:Backpack123!:Eleanor:Satchell
ShariJohnson123@ry3shop.com:Backpack123!:Shari:Johnson
KennethVance123@ry3shop.com:Backpack123!:Kenneth:Vance
ColleenStovall123@ry3shop.com:Backpack123!:Colleen:Stovall
CorinaParton123@ry3shop.com:Backpack123!:Corina:Parton
GloriaBooth123@ry3shop.com:Backpack123!:Gloria:Booth
LouiseWilson123@ry3shop.com:Backpack123!:Louise:Wilson
GladysHollis123@ry3shop.com:Backpack123!:Gladys:Hollis
PrestonGray123@ry3shop.com:Backpack123!:Preston:Gray
JamesGlenn123@ry3shop.com:Backpack123!:James:Glenn
ChristopherVancuren123@ry3shop.com:Backpack123!:Christopher:Vancuren
JessieReich123@ry3shop.com:Backpack123!:Jessie:Reich
RussellArmitage123@ry3shop.com:Backpack123!:Russell:Armitage
RogerItson123@ry3shop.com:Backpack123!:Roger:Itson
RobertWiley123@ry3shop.com:Backpack123!:Robert:Wiley
DwayneWorley123@ry3shop.com:Backpack123!:Dwayne:Worley
LynnReid123@ry3shop.com:Backpack123!:Lynn:Reid
BridgetFountain123@ry3shop.com:Backpack123!:Bridget:Fountain
RubyMann123@ry3shop.com:Backpack123!:Ruby:Mann
RogerSteele123@ry3shop.com:Backpack123!:Roger:Steele
ValerieHoulahan123@ry3shop.com:Backpack123!:Valerie:Houlahan
BrianBonds123@moz.capital:Backpack123!:Brian:Bonds
